{"s88773": {
    "face1": 1.07e-06, 
    "face2": 2.22e-06, 
    "face3": 3.07e-06}, 
"s88776": {
    "face1": 1.07e-06, 
    "face2": 2.22e-06, 
    "face3": 3.07e-06}, 
"s88780": {
    "face1": 4.5e-07, 
    "face2": 1.6999999999999998e-06, 
    "face3": 2.8e-06}, 
"s86483": {
    "face1": 7.599999999999999e-07, 
    "face2": 2.76e-06, 
    "face3": 4.759999999999999e-06}, 
"s86480": {
    "face1": 8.399999999999999e-07, 
    "face2": 1.94e-06, 
    "face3": 2.74e-06}, 
"s86484": {
    "face1": 1.2499999999999999e-06, 
    "face2": 1.75e-06, 
    "face3": 3.0499999999999996e-06}, 
"s88774": {
    "face1": 1.07e-06, 
    "face2": 2.2999999999999996e-06, 
    "face3": 3.23e-06}}