{"s88773": {"face1": [[47150.41799867478, 47150.417998675286, 47150.417998675795, 47150.417998676305, 47150.417998676814, 47150.417998677316, 47150.417998677825, 47150.417998678335, 47150.417998678844, 47150.41799867935, 47150.41799867986, 47150.41799868037, 47150.41799868088, 47150.41799868138, 47150.41799868189, 47150.4179986824, 47150.41799868291, 47150.41799868342, 47150.41799868393, 47150.41799868444, 47150.41799868495, 47150.41799868546, 47150.41799868596, 47150.41799868647, 47150.41799868698, 47150.41799868749, 47150.417998688, 47150.41799868851, 47150.417998689016, 47150.417998689525, 47150.417998690034, 47150.41799869054, 47150.417998691046, 47150.417998691555, 47150.417998692064, 47150.417998692574, 47150.41799869308, 47150.41799869359, 47150.4179986941, 47150.417998694604, 47150.41799869511, 47150.41799869562, 47150.41799869613, 47150.41799869664, 47150.41799869715, 47150.41799869766, 47150.41799869817, 47150.41799869868, 47150.41799869918, 47150.41799869969, 47150.4179987002, 47150.41799870071, 47150.41799870122, 47150.41799870173, 47150.417998702236, 47150.417998702746, 47150.417998703255, 47150.41799870376, 47150.417998704266, 47150.417998704776], [1999.6708011490023, 1998.3582331360972, 1995.4130972727635, 1990.4571794358349, 1983.4360987444115, 1974.5349332781398, 1964.063261888919, 1952.3652333138605, 1939.7661266416321, 1926.5477507619712, 1912.94165481757, 1899.1315515802848, 1885.2595973659531, 1871.4336308381876, 1857.7340060527047, 1844.2194842605563, 1830.932074689475, 1817.9009040867022, 1805.1452571843504, 1792.6769409790602, 1780.5021115147288, 1768.6226799474837, 1757.0373923214238, 1745.7426576334678, 1734.7331822676438, 1724.0024556584533, 1713.5431216721236, 1703.3472621618323, 1693.4066129771059, 1683.712727978367, 1674.257102992647, 1665.0312688841825, 1656.026860801468, 1647.2356609436586, 1638.649672764336, 1630.2610885797558, 1622.062341457403, 1614.0461108068305, 1606.2053280719138, 1598.5331789730433, 1591.0231028919166, 1583.6687900920692, 1576.4641773420594, 1569.4034423819894, 1562.4809975718185, 1555.6914829807924, 1549.0297591166989, 1542.4908994471334, 1536.0701828290837, 1529.7630859353567, 1523.565275744782, 1517.4726021462798, 1511.4810906938008, 1505.5869355389073, 1499.786492559816, 1494.0762726995647, 1488.452935521146, 1482.913282983795, 1477.4542534417394, 1472.0729158645927]], "face2": [[47150.41799867478, 47150.417998675286, 47150.417998675795, 47150.417998676305, 47150.417998676814, 47150.417998677316, 47150.417998677825, 47150.417998678335, 47150.417998678844, 47150.41799867935, 47150.41799867986, 47150.41799868037, 47150.41799868088, 47150.41799868138, 47150.41799868189, 47150.4179986824, 47150.41799868291, 47150.41799868342, 47150.41799868393, 47150.41799868444, 47150.41799868495, 47150.41799868546, 47150.41799868596, 47150.41799868647, 47150.41799868698, 47150.41799868749, 47150.417998688, 47150.41799868851, 47150.417998689016, 47150.417998689525, 47150.417998690034, 47150.41799869054, 47150.417998691046, 47150.417998691555, 47150.417998692064, 47150.417998692574, 47150.41799869308, 47150.41799869359, 47150.4179986941, 47150.417998694604, 47150.41799869511, 47150.41799869562, 47150.41799869613, 47150.41799869664, 47150.41799869715, 47150.41799869766, 47150.41799869817, 47150.41799869868, 47150.41799869918, 47150.41799869969, 47150.4179987002, 47150.41799870071, 47150.41799870122, 47150.41799870173, 47150.417998702236, 47150.417998702746, 47150.417998703255, 47150.41799870376, 47150.417998704266, 47150.417998704776], [1999.9999517831207, 1999.999544882783, 1999.9977279245932, 1999.9920034817765, 1999.9776901344412, 1999.9474036270622, 1999.8909411523387, 1999.795614979317, 1999.6469514802866, 1999.4295973195476, 1999.128263547876, 1998.728571792944, 1998.2177189918716, 1997.5849280184325, 1996.821690311285, 1995.9218303284756, 1994.8814322122325, 1993.6986702008808, 1992.373579887942, 1990.9078004278042, 1989.3043102559177, 1987.5671719945371, 1985.701296485137, 1983.712231456247, 1981.605977108783, 1979.3888286884453, 1977.0672446993335, 1974.64773859139, 1972.1367913548572, 1969.5407823414605, 1966.865935701806, 1964.118280007096, 1961.303618858802, 1958.4275103624666, 1955.4952546746297, 1952.5118864668857, 1949.4821727739563, 1946.4106143527524, 1943.3014499045244, 1940.1586624586687, 1936.9859873510932, 1933.7869213381418, 1930.5647324769789, 1927.3224704780066, 1924.0629772964942, 1920.7888977812554, 1917.5026902395975, 1914.2066368114474, 1910.9028535727975, 1907.593300310556, 1904.2797899284265, 1900.963997457382, 1897.6474686553247, 1894.3316281890911, 1891.0177873986684, 1887.7071516485355, 1884.4008272748988, 1881.099828140372, 1877.8050818096751, 1874.517435361267]], "face3": [[47150.41799867478, 47150.417998675286, 47150.417998675795, 47150.417998676305, 47150.417998676814, 47150.417998677316, 47150.417998677825, 47150.417998678335, 47150.417998678844, 47150.41799867935, 47150.41799867986, 47150.41799868037, 47150.41799868088, 47150.41799868138, 47150.41799868189, 47150.4179986824, 47150.41799868291, 47150.41799868342, 47150.41799868393, 47150.41799868444, 47150.41799868495, 47150.41799868546, 47150.41799868596, 47150.41799868647, 47150.41799868698, 47150.41799868749, 47150.417998688, 47150.41799868851, 47150.417998689016, 47150.417998689525, 47150.417998690034, 47150.41799869054, 47150.417998691046, 47150.417998691555, 47150.417998692064, 47150.417998692574, 47150.41799869308, 47150.41799869359, 47150.4179986941, 47150.417998694604, 47150.41799869511, 47150.41799869562, 47150.41799869613, 47150.41799869664, 47150.41799869715, 47150.41799869766, 47150.41799869817, 47150.41799869868, 47150.41799869918, 47150.41799869969, 47150.4179987002, 47150.41799870071, 47150.41799870122, 47150.41799870173, 47150.417998702236, 47150.417998702746, 47150.417998703255, 47150.41799870376, 47150.417998704266, 47150.417998704776], [1999.9999999324823, 1999.9999991374111, 1999.999994262403, 1999.9999735078916, 1999.9999044868819, 1999.999713243904, 1999.9992534168368, 1999.9982667944223, 1999.9963388812234, 1999.9928547584345, 1999.9869610473825, 1999.9775390915472, 1999.963192873614, 1999.9422531515524, 1999.9127973006753, 1999.8726827306732, 1999.8195906838541, 1999.751076737767, 1999.6646243513997, 1999.5576981749866, 1999.4277944441649, 1999.2724864714864, 1999.089463934481, 1998.8765652748568, 1998.6318030331158, 1998.3533823347748, 1998.0397130222555, 1997.689416103487, 1997.3013252820551, 1996.8744843628574, 1996.4081413092958, 1995.9017396780969, 1995.3549080883336, 1994.7674483004507, 1994.1393224045187, 1993.4706395246958, 1992.7616423844315, 1992.0126940004902, 1991.2242647166624, 1990.3969197354781, 1989.5313072621677, 1988.628147338402, 1987.6882214133113, 1986.71236267514, 1985.7014471478383, 1984.6563855421955, 1983.5781158400491, 1982.467596582056, 1981.3258008239202, 1980.1537107223694, 1978.9523127101334, 1977.72259321838, 1976.4655349052127, 1975.1821133496837, 1973.8732941721541, 1972.5400305435764, 1971.1832610482486, 1969.803907866722, 1968.4028752477434, 1966.9810482403045]]}}